InsertionSort-Cresc,InsertionSort-Decresc,InsertionSort-Aleatorio,BubbleSort2-Cresc,BubbleSort2-Decresc,BubbleSort2-Aleatorio,BubbleSort-Cresc,BubbleSort-Decresc,BubbleSort-Aleatorio,SelectionSort-Cresc,SelectionSort-Decresc,SelectionSort-Aleatorio,BucketSort-Cresc,BucketSort-Decresc,BucketSort-Aleatorio,
0,0,0,0,0,0,0,0,0,0,0,0,4,1004,49,
2,3,2,1,1,1,2,2,2,2,2,2,9,1008,55,
4,8,8,2,2,2,5,5,5,5,5,5,14,1012,90,
6,15,11,3,3,3,9,9,9,9,9,9,19,1016,97,
8,24,10,4,4,4,14,14,14,14,14,14,24,1020,113,
10,35,18,5,5,5,20,20,20,20,20,20,29,1024,98,
12,48,32,6,6,6,27,27,27,27,27,27,34,1028,121,
14,63,37,7,7,7,35,35,35,35,35,35,39,1032,129,
16,80,65,8,8,8,44,44,44,44,44,44,44,1036,121,
18,99,77,9,9,9,54,54,54,54,54,54,49,1040,136,
20,120,68,10,10,10,65,65,65,65,65,65,54,1044,124,
22,143,78,11,11,11,77,77,77,77,77,77,59,1048,146,
24,168,102,12,12,12,90,90,90,90,90,90,64,1052,141,
26,195,135,13,13,13,104,104,104,104,104,104,69,1056,150,
28,224,170,14,14,14,119,119,119,119,119,119,74,1060,159,
30,255,144,15,15,15,135,135,135,135,135,135,79,1064,158,
32,288,154,16,16,16,152,152,152,152,152,152,84,1068,164,
34,323,163,17,17,17,170,170,170,170,170,170,89,1072,170,
36,360,185,18,18,18,189,189,189,189,189,189,94,1076,154,
38,399,217,19,19,19,209,209,209,209,209,209,99,1080,178,
40,440,188,20,20,20,230,230,230,230,230,230,104,1084,173,
42,483,238,21,21,21,252,252,252,252,252,252,109,1088,184,
44,528,290,22,22,22,275,275,275,275,275,275,114,1092,185,
46,575,276,23,23,23,299,299,299,299,299,299,119,1096,191,
48,624,388,24,24,24,324,324,324,324,324,324,124,1100,196,
50,675,401,25,25,25,350,350,350,350,350,350,129,1104,196,
52,728,415,26,26,26,377,377,377,377,377,377,134,1108,198,
54,783,467,27,27,27,405,405,405,405,405,405,139,1112,203,
56,840,588,28,28,28,434,434,434,434,434,434,144,1116,203,
58,899,492,29,29,29,464,464,464,464,464,464,149,1120,211,
60,960,534,30,30,30,495,495,495,495,495,495,154,1124,219,
62,1023,508,31,31,31,527,527,527,527,527,527,159,1128,220,
64,1088,626,32,32,32,560,560,560,560,560,560,164,1132,225,
66,1155,704,33,33,33,594,594,594,594,594,594,169,1136,228,
68,1224,668,34,34,34,629,629,629,629,629,629,174,1140,227,
70,1295,616,35,35,35,665,665,665,665,665,665,179,1144,233,
72,1368,741,36,36,36,702,702,702,702,702,702,184,1148,233,
74,1443,700,37,37,37,740,740,740,740,740,740,189,1152,245,
76,1520,706,38,38,38,779,779,779,779,779,779,194,1156,253,
78,1599,944,39,39,39,819,819,819,819,819,819,199,1160,253,
80,1680,841,40,40,40,860,860,860,860,860,860,204,1164,251,
82,1763,936,41,41,41,902,902,902,902,902,902,209,1168,259,
84,1848,966,42,42,42,945,945,945,945,945,945,214,1172,262,
86,1935,937,43,43,43,989,989,989,989,989,989,219,1176,265,
88,2024,1065,44,44,44,1034,1034,1034,1034,1034,1034,224,1180,270,
90,2115,1033,45,45,45,1080,1080,1080,1080,1080,1080,229,1184,271,
92,2208,1135,46,46,46,1127,1127,1127,1127,1127,1127,234,1188,268,
94,2303,1296,47,47,47,1175,1175,1175,1175,1175,1175,239,1192,282,
96,2400,1271,48,48,48,1224,1224,1224,1224,1224,1224,244,1196,286,
98,2499,1369,49,49,49,1274,1274,1274,1274,1274,1274,249,1200,292,
100,2600,1487,50,50,50,1325,1325,1325,1325,1325,1325,254,1204,294,
102,2703,1568,51,51,51,1377,1377,1377,1377,1377,1377,259,1208,300,
104,2808,1575,52,52,52,1430,1430,1430,1430,1430,1430,264,1212,299,
106,2915,1479,53,53,53,1484,1484,1484,1484,1484,1484,269,1216,298,
108,3024,1724,54,54,54,1539,1539,1539,1539,1539,1539,274,1220,304,
110,3135,1572,55,55,55,1595,1595,1595,1595,1595,1595,279,1224,311,
112,3248,1822,56,56,56,1652,1652,1652,1652,1652,1652,284,1228,307,
114,3363,1770,57,57,57,1710,1710,1710,1710,1710,1710,289,1232,317,
116,3480,1760,58,58,58,1769,1769,1769,1769,1769,1769,294,1236,318,
118,3599,2136,59,59,59,1829,1829,1829,1829,1829,1829,299,1240,326,
120,3720,2071,60,60,60,1890,1890,1890,1890,1890,1890,304,1244,324,
122,3843,2186,61,61,61,1952,1952,1952,1952,1952,1952,309,1248,334,
124,3968,2000,62,62,62,2015,2015,2015,2015,2015,2015,314,1252,334,
126,4095,2040,63,63,63,2079,2079,2079,2079,2079,2079,319,1256,337,
128,4224,2257,64,64,64,2144,2144,2144,2144,2144,2144,324,1260,344,
130,4355,2267,65,65,65,2210,2210,2210,2210,2210,2210,329,1264,347,
132,4488,2090,66,66,66,2277,2277,2277,2277,2277,2277,334,1268,346,
134,4623,2177,67,67,67,2345,2345,2345,2345,2345,2345,339,1272,350,
136,4760,2358,68,68,68,2414,2414,2414,2414,2414,2414,344,1276,358,
138,4899,2845,69,69,69,2484,2484,2484,2484,2484,2484,349,1280,360,
140,5040,2142,70,70,70,2555,2555,2555,2555,2555,2555,354,1284,367,
142,5183,2842,71,71,71,2627,2627,2627,2627,2627,2627,359,1288,372,
144,5328,2437,72,72,72,2700,2700,2700,2700,2700,2700,364,1292,368,
146,5475,3077,73,73,73,2774,2774,2774,2774,2774,2774,369,1296,377,
148,5624,2925,74,74,74,2849,2849,2849,2849,2849,2849,374,1300,370,
150,5775,2660,75,75,75,2925,2925,2925,2925,2925,2925,379,1304,379,
152,5928,2909,76,76,76,3002,3002,3002,3002,3002,3002,384,1308,383,
154,6083,3062,77,77,77,3080,3080,3080,3080,3080,3080,389,1312,387,
156,6240,3169,78,78,78,3159,3159,3159,3159,3159,3159,394,1316,385,
158,6399,3299,79,79,79,3239,3239,3239,3239,3239,3239,399,1320,395,
160,6560,2810,80,80,80,3320,3320,3320,3320,3320,3320,404,1324,398,
162,6723,3313,81,81,81,3402,3402,3402,3402,3402,3402,409,1328,400,
164,6888,3370,82,82,82,3485,3485,3485,3485,3485,3485,414,1332,404,
166,7055,3233,83,83,83,3569,3569,3569,3569,3569,3569,419,1336,408,
168,7224,3714,84,84,84,3654,3654,3654,3654,3654,3654,424,1340,414,
170,7395,3983,85,85,85,3740,3740,3740,3740,3740,3740,429,1344,414,
172,7568,4106,86,86,86,3827,3827,3827,3827,3827,3827,434,1348,415,
174,7743,3888,87,87,87,3915,3915,3915,3915,3915,3915,439,1352,423,
176,7920,4136,88,88,88,4004,4004,4004,4004,4004,4004,444,1356,426,
178,8099,3829,89,89,89,4094,4094,4094,4094,4094,4094,449,1360,428,
180,8280,4367,90,90,90,4185,4185,4185,4185,4185,4185,454,1364,429,
182,8463,4183,91,91,91,4277,4277,4277,4277,4277,4277,459,1368,430,
184,8648,4011,92,92,92,4370,4370,4370,4370,4370,4370,464,1372,434,
186,8835,4547,93,93,93,4464,4464,4464,4464,4464,4464,469,1376,444,
188,9024,4751,94,94,94,4559,4559,4559,4559,4559,4559,474,1380,443,
190,9215,4857,95,95,95,4655,4655,4655,4655,4655,4655,479,1384,451,
192,9408,4876,96,96,96,4752,4752,4752,4752,4752,4752,484,1388,452,
194,9603,5280,97,97,97,4850,4850,4850,4850,4850,4850,489,1392,458,
196,9800,5079,98,98,98,4949,4949,4949,4949,4949,4949,494,1396,460,
198,9999,5464,99,99,99,5049,5049,5049,5049,5049,5049,499,1400,460,
200,10200,5314,100,100,100,5150,5150,5150,5150,5150,5150,504,1404,470,
202,10403,5621,101,101,101,5252,5252,5252,5252,5252,5252,509,1408,464,
204,10608,5633,102,102,102,5355,5355,5355,5355,5355,5355,514,1412,469,
206,10815,5917,103,103,103,5459,5459,5459,5459,5459,5459,519,1416,473,
208,11024,5434,104,104,104,5564,5564,5564,5564,5564,5564,524,1420,480,
210,11235,5143,105,105,105,5670,5670,5670,5670,5670,5670,529,1424,480,
212,11448,5917,106,106,106,5777,5777,5777,5777,5777,5777,534,1428,487,
214,11663,6382,107,107,107,5885,5885,5885,5885,5885,5885,539,1432,487,
216,11880,5692,108,108,108,5994,5994,5994,5994,5994,5994,544,1436,496,
218,12099,6418,109,109,109,6104,6104,6104,6104,6104,6104,549,1440,497,
220,12320,5599,110,110,110,6215,6215,6215,6215,6215,6215,554,1444,506,
222,12543,6045,111,111,111,6327,6327,6327,6327,6327,6327,559,1448,501,
224,12768,6885,112,112,112,6440,6440,6440,6440,6440,6440,564,1452,503,
226,12995,5972,113,113,113,6554,6554,6554,6554,6554,6554,569,1456,510,
228,13224,7085,114,114,114,6669,6669,6669,6669,6669,6669,574,1460,514,
230,13455,6937,115,115,115,6785,6785,6785,6785,6785,6785,579,1464,511,
232,13688,6982,116,116,116,6902,6902,6902,6902,6902,6902,584,1468,515,
234,13923,6503,117,117,117,7020,7020,7020,7020,7020,7020,589,1472,517,
236,14160,7057,118,118,118,7139,7139,7139,7139,7139,7139,594,1476,526,
238,14399,7141,119,119,119,7259,7259,7259,7259,7259,7259,599,1480,523,
240,14640,6950,120,120,120,7380,7380,7380,7380,7380,7380,604,1484,529,
242,14883,7339,121,121,121,7502,7502,7502,7502,7502,7502,609,1488,534,
244,15128,7920,122,122,122,7625,7625,7625,7625,7625,7625,614,1492,534,
246,15375,7381,123,123,123,7749,7749,7749,7749,7749,7749,619,1496,541,
248,15624,8287,124,124,124,7874,7874,7874,7874,7874,7874,624,1500,546,
250,15875,7956,125,125,125,8000,8000,8000,8000,8000,8000,629,1504,550,
252,16128,7688,126,126,126,8127,8127,8127,8127,8127,8127,634,1508,555,
254,16383,8533,127,127,127,8255,8255,8255,8255,8255,8255,639,1512,554,
256,16640,7443,128,128,128,8384,8384,8384,8384,8384,8384,644,1516,566,
258,16899,8541,129,129,129,8514,8514,8514,8514,8514,8514,649,1520,561,
260,17160,9006,130,130,130,8645,8645,8645,8645,8645,8645,654,1524,559,
262,17423,8200,131,131,131,8777,8777,8777,8777,8777,8777,659,1528,575,
264,17688,10021,132,132,132,8910,8910,8910,8910,8910,8910,664,1532,570,
266,17955,9192,133,133,133,9044,9044,9044,9044,9044,9044,669,1536,572,
268,18224,10171,134,134,134,9179,9179,9179,9179,9179,9179,674,1540,580,
270,18495,10090,135,135,135,9315,9315,9315,9315,9315,9315,679,1544,582,
272,18768,9576,136,136,136,9452,9452,9452,9452,9452,9452,684,1548,583,
274,19043,10026,137,137,137,9590,9590,9590,9590,9590,9590,689,1552,594,
276,19320,10083,138,138,138,9729,9729,9729,9729,9729,9729,694,1556,592,
278,19599,9980,139,139,139,9869,9869,9869,9869,9869,9869,699,1560,592,
280,19880,10859,140,140,140,10010,10010,10010,10010,10010,10010,704,1564,604,
282,20163,9718,141,141,141,10152,10152,10152,10152,10152,10152,709,1568,603,
284,20448,9769,142,142,142,10295,10295,10295,10295,10295,10295,714,1572,604,
286,20735,11187,143,143,143,10439,10439,10439,10439,10439,10439,719,1576,601,
288,21024,9765,144,144,144,10584,10584,10584,10584,10584,10584,724,1580,612,
290,21315,11054,145,145,145,10730,10730,10730,10730,10730,10730,729,1584,616,
292,21608,10441,146,146,146,10877,10877,10877,10877,10877,10877,734,1588,613,
294,21903,10458,147,147,147,11025,11025,11025,11025,11025,11025,739,1592,622,
296,22200,11502,148,148,148,11174,11174,11174,11174,11174,11174,744,1596,622,
298,22499,10261,149,149,149,11324,11324,11324,11324,11324,11324,749,1600,631,
300,22800,12706,150,150,150,11475,11475,11475,11475,11475,11475,754,1604,631,
302,23103,10747,151,151,151,11627,11627,11627,11627,11627,11627,759,1608,637,
304,23408,11237,152,152,152,11780,11780,11780,11780,11780,11780,764,1612,636,
306,23715,12747,153,153,153,11934,11934,11934,11934,11934,11934,769,1616,633,
308,24024,11899,154,154,154,12089,12089,12089,12089,12089,12089,774,1620,640,
310,24335,12305,155,155,155,12245,12245,12245,12245,12245,12245,779,1624,648,
312,24648,12416,156,156,156,12402,12402,12402,12402,12402,12402,784,1628,650,
314,24963,12624,157,157,157,12560,12560,12560,12560,12560,12560,789,1632,648,
316,25280,12348,158,158,158,12719,12719,12719,12719,12719,12719,794,1636,657,
318,25599,12487,159,159,159,12879,12879,12879,12879,12879,12879,799,1640,658,
320,25920,12631,160,160,160,13040,13040,13040,13040,13040,13040,804,1644,664,
322,26243,14091,161,161,161,13202,13202,13202,13202,13202,13202,809,1648,663,
324,26568,12998,162,162,162,13365,13365,13365,13365,13365,13365,814,1652,665,
326,26895,14539,163,163,163,13529,13529,13529,13529,13529,13529,819,1656,671,
328,27224,13099,164,164,164,13694,13694,13694,13694,13694,13694,824,1660,674,
330,27555,13246,165,165,165,13860,13860,13860,13860,13860,13860,829,1664,680,
332,27888,15120,166,166,166,14027,14027,14027,14027,14027,14027,834,1668,678,
334,28223,13702,167,167,167,14195,14195,14195,14195,14195,14195,839,1672,681,
336,28560,13744,168,168,168,14364,14364,14364,14364,14364,14364,844,1676,688,
338,28899,15252,169,169,169,14534,14534,14534,14534,14534,14534,849,1680,692,
340,29240,14048,170,170,170,14705,14705,14705,14705,14705,14705,854,1684,698,
342,29583,14988,171,171,171,14877,14877,14877,14877,14877,14877,859,1688,700,
344,29928,15294,172,172,172,15050,15050,15050,15050,15050,15050,864,1692,704,
346,30275,15856,173,173,173,15224,15224,15224,15224,15224,15224,869,1696,702,
348,30624,14652,174,174,174,15399,15399,15399,15399,15399,15399,874,1700,704,
350,30975,14756,175,175,175,15575,15575,15575,15575,15575,15575,879,1704,703,
352,31328,15228,176,176,176,15752,15752,15752,15752,15752,15752,884,1708,709,
354,31683,17239,177,177,177,15930,15930,15930,15930,15930,15930,889,1712,722,
356,32040,16323,178,178,178,16109,16109,16109,16109,16109,16109,894,1716,722,
358,32399,16210,179,179,179,16289,16289,16289,16289,16289,16289,899,1720,721,
360,32760,17259,180,180,180,16470,16470,16470,16470,16470,16470,904,1724,726,
362,33123,16686,181,181,181,16652,16652,16652,16652,16652,16652,909,1728,730,
364,33488,17463,182,182,182,16835,16835,16835,16835,16835,16835,914,1732,731,
366,33855,15887,183,183,183,17019,17019,17019,17019,17019,17019,919,1736,737,
368,34224,17943,184,184,184,17204,17204,17204,17204,17204,17204,924,1740,738,
370,34595,17095,185,185,185,17390,17390,17390,17390,17390,17390,929,1744,742,
372,34968,15523,186,186,186,17577,17577,17577,17577,17577,17577,934,1748,741,
374,35343,18237,187,187,187,17765,17765,17765,17765,17765,17765,939,1752,742,
376,35720,19271,188,188,188,17954,17954,17954,17954,17954,17954,944,1756,755,
378,36099,18486,189,189,189,18144,18144,18144,18144,18144,18144,949,1760,752,
380,36480,18208,190,190,190,18335,18335,18335,18335,18335,18335,954,1764,756,
382,36863,17330,191,191,191,18527,18527,18527,18527,18527,18527,959,1768,763,
384,37248,18776,192,192,192,18720,18720,18720,18720,18720,18720,964,1772,759,
386,37635,20463,193,193,193,18914,18914,18914,18914,18914,18914,969,1776,769,
388,38024,16109,194,194,194,19109,19109,19109,19109,19109,19109,974,1780,769,
390,38415,18917,195,195,195,19305,19305,19305,19305,19305,19305,979,1784,773,
392,38808,18313,196,196,196,19502,19502,19502,19502,19502,19502,984,1788,774,
394,39203,18732,197,197,197,19700,19700,19700,19700,19700,19700,989,1792,781,
396,39600,19895,198,198,198,19899,19899,19899,19899,19899,19899,994,1796,779,
398,39999,19437,199,199,199,20099,20099,20099,20099,20099,20099,999,1800,784,
400,40400,19840,200,200,200,20300,20300,20300,20300,20300,20300,1004,1804,789,
402,40803,20983,201,201,201,20502,20502,20502,20502,20502,20502,1009,1808,797,
404,41208,20332,202,202,202,20705,20705,20705,20705,20705,20705,1014,1812,791,
406,41615,20050,203,203,203,20909,20909,20909,20909,20909,20909,1019,1816,793,
408,42024,19091,204,204,204,21114,21114,21114,21114,21114,21114,1024,1820,803,
410,42435,19884,205,205,205,21320,21320,21320,21320,21320,21320,1029,1824,806,
412,42848,21059,206,206,206,21527,21527,21527,21527,21527,21527,1034,1828,806,
414,43263,21855,207,207,207,21735,21735,21735,21735,21735,21735,1039,1832,814,
416,43680,23416,208,208,208,21944,21944,21944,21944,21944,21944,1044,1836,818,
418,44099,22030,209,209,209,22154,22154,22154,22154,22154,22154,1049,1840,815,
420,44520,21776,210,210,210,22365,22365,22365,22365,22365,22365,1054,1844,815,
422,44943,24284,211,211,211,22577,22577,22577,22577,22577,22577,1059,1848,824,
424,45368,20945,212,212,212,22790,22790,22790,22790,22790,22790,1064,1852,823,
426,45795,25893,213,213,213,23004,23004,23004,23004,23004,23004,1069,1856,826,
428,46224,21019,214,214,214,23219,23219,23219,23219,23219,23219,1074,1860,832,
430,46655,24229,215,215,215,23435,23435,23435,23435,23435,23435,1079,1864,838,
432,47088,24353,216,216,216,23652,23652,23652,23652,23652,23652,1084,1868,840,
434,47523,22162,217,217,217,23870,23870,23870,23870,23870,23870,1089,1872,838,
436,47960,24957,218,218,218,24089,24089,24089,24089,24089,24089,1094,1876,846,
438,48399,23733,219,219,219,24309,24309,24309,24309,24309,24309,1099,1880,848,
440,48840,24441,220,220,220,24530,24530,24530,24530,24530,24530,1104,1884,853,
442,49283,24611,221,221,221,24752,24752,24752,24752,24752,24752,1109,1888,853,
444,49728,25965,222,222,222,24975,24975,24975,24975,24975,24975,1114,1892,849,
446,50175,24382,223,223,223,25199,25199,25199,25199,25199,25199,1119,1896,858,
448,50624,24918,224,224,224,25424,25424,25424,25424,25424,25424,1124,1900,865,
450,51075,24634,225,225,225,25650,25650,25650,25650,25650,25650,1129,1904,864,
452,51528,23146,226,226,226,25877,25877,25877,25877,25877,25877,1134,1908,871,
454,51983,26004,227,227,227,26105,26105,26105,26105,26105,26105,1139,1912,868,
456,52440,26304,228,228,228,26334,26334,26334,26334,26334,26334,1144,1916,878,
458,52899,25171,229,229,229,26564,26564,26564,26564,26564,26564,1149,1920,876,
460,53360,24746,230,230,230,26795,26795,26795,26795,26795,26795,1154,1924,882,
462,53823,27805,231,231,231,27027,27027,27027,27027,27027,27027,1159,1928,883,
464,54288,27123,232,232,232,27260,27260,27260,27260,27260,27260,1164,1932,886,
466,54755,27090,233,233,233,27494,27494,27494,27494,27494,27494,1169,1936,893,
468,55224,26006,234,234,234,27729,27729,27729,27729,27729,27729,1174,1940,894,
470,55695,27346,235,235,235,27965,27965,27965,27965,27965,27965,1179,1944,900,
472,56168,27588,236,236,236,28202,28202,28202,28202,28202,28202,1184,1948,903,
474,56643,27525,237,237,237,28440,28440,28440,28440,28440,28440,1189,1952,907,
476,57120,28963,238,238,238,28679,28679,28679,28679,28679,28679,1194,1956,908,
478,57599,29599,239,239,239,28919,28919,28919,28919,28919,28919,1199,1960,908,
480,58080,29549,240,240,240,29160,29160,29160,29160,29160,29160,1204,1964,914,
482,58563,27762,241,241,241,29402,29402,29402,29402,29402,29402,1209,1968,917,
484,59048,28990,242,242,242,29645,29645,29645,29645,29645,29645,1214,1972,919,
486,59535,30668,243,243,243,29889,29889,29889,29889,29889,29889,1219,1976,922,
488,60024,29186,244,244,244,30134,30134,30134,30134,30134,30134,1224,1980,928,
490,60515,30773,245,245,245,30380,30380,30380,30380,30380,30380,1229,1984,924,
492,61008,30590,246,246,246,30627,30627,30627,30627,30627,30627,1234,1988,937,
494,61503,30403,247,247,247,30875,30875,30875,30875,30875,30875,1239,1992,932,
496,62000,30868,248,248,248,31124,31124,31124,31124,31124,31124,1244,1996,937,
498,62499,32527,249,249,249,31374,31374,31374,31374,31374,31374,1249,2000,943,
500,63000,32451,250,250,250,31625,31625,31625,31625,31625,31625,1254,2004,947,
502,63503,31841,251,251,251,31877,31877,31877,31877,31877,31877,1259,2008,950,
504,64008,31250,252,252,252,32130,32130,32130,32130,32130,32130,1264,2012,955,
506,64515,34077,253,253,253,32384,32384,32384,32384,32384,32384,1269,2016,956,
508,65024,30573,254,254,254,32639,32639,32639,32639,32639,32639,1274,2020,957,
510,65535,33860,255,255,255,32895,32895,32895,32895,32895,32895,1279,2024,956,
512,66048,33672,256,256,256,33152,33152,33152,33152,33152,33152,1284,2028,961,
514,66563,34522,257,257,257,33410,33410,33410,33410,33410,33410,1289,2032,963,
516,67080,33502,258,258,258,33669,33669,33669,33669,33669,33669,1294,2036,970,
518,67599,33971,259,259,259,33929,33929,33929,33929,33929,33929,1299,2040,975,
520,68120,35810,260,260,260,34190,34190,34190,34190,34190,34190,1304,2044,976,
522,68643,33540,261,261,261,34452,34452,34452,34452,34452,34452,1309,2048,978,
524,69168,33710,262,262,262,34715,34715,34715,34715,34715,34715,1314,2052,983,
526,69695,34434,263,263,263,34979,34979,34979,34979,34979,34979,1319,2056,983,
528,70224,34576,264,264,264,35244,35244,35244,35244,35244,35244,1324,2060,989,
530,70755,37823,265,265,265,35510,35510,35510,35510,35510,35510,1329,2064,991,
532,71288,34608,266,266,266,35777,35777,35777,35777,35777,35777,1334,2068,989,
534,71823,35141,267,267,267,36045,36045,36045,36045,36045,36045,1339,2072,995,
536,72360,36910,268,268,268,36314,36314,36314,36314,36314,36314,1344,2076,996,
538,72899,36666,269,269,269,36584,36584,36584,36584,36584,36584,1349,2080,1003,
540,73440,37044,270,270,270,36855,36855,36855,36855,36855,36855,1354,2084,1006,
542,73983,39524,271,271,271,37127,37127,37127,37127,37127,37127,1359,2088,1004,
544,74528,37934,272,272,272,37400,37400,37400,37400,37400,37400,1364,2092,1010,
546,75075,36217,273,273,273,37674,37674,37674,37674,37674,37674,1369,2096,1019,
548,75624,35922,274,274,274,37949,37949,37949,37949,37949,37949,1374,2100,1021,
550,76175,39321,275,275,275,38225,38225,38225,38225,38225,38225,1379,2104,1020,
552,76728,39496,276,276,276,38502,38502,38502,38502,38502,38502,1384,2108,1024,
554,77283,38289,277,277,277,38780,38780,38780,38780,38780,38780,1389,2112,1027,
556,77840,38135,278,278,278,39059,39059,39059,39059,39059,39059,1394,2116,1026,
558,78399,38740,279,279,279,39339,39339,39339,39339,39339,39339,1399,2120,1033,
560,78960,36260,280,280,280,39620,39620,39620,39620,39620,39620,1404,2124,1033,
562,79523,39762,281,281,281,39902,39902,39902,39902,39902,39902,1409,2128,1037,
564,80088,41121,282,282,282,40185,40185,40185,40185,40185,40185,1414,2132,1045,
566,80655,39739,283,283,283,40469,40469,40469,40469,40469,40469,1419,2136,1043,
568,81224,42848,284,284,284,40754,40754,40754,40754,40754,40754,1424,2140,1050,
570,81795,41990,285,285,285,41040,41040,41040,41040,41040,41040,1429,2144,1054,
572,82368,42214,286,286,286,41327,41327,41327,41327,41327,41327,1434,2148,1058,
574,82943,43468,287,287,287,41615,41615,41615,41615,41615,41615,1439,2152,1054,
576,83520,43411,288,288,288,41904,41904,41904,41904,41904,41904,1444,2156,1058,
578,84099,40675,289,289,289,42194,42194,42194,42194,42194,42194,1449,2160,1066,
580,84680,41508,290,290,290,42485,42485,42485,42485,42485,42485,1454,2164,1066,
582,85263,41268,291,291,291,42777,42777,42777,42777,42777,42777,1459,2168,1069,
584,85848,40133,292,292,292,43070,43070,43070,43070,43070,43070,1464,2172,1074,
586,86435,42845,293,293,293,43364,43364,43364,43364,43364,43364,1469,2176,1073,
588,87024,45729,294,294,294,43659,43659,43659,43659,43659,43659,1474,2180,1080,
590,87615,42219,295,295,295,43955,43955,43955,43955,43955,43955,1479,2184,1082,
592,88208,41125,296,296,296,44252,44252,44252,44252,44252,44252,1484,2188,1084,
594,88803,44272,297,297,297,44550,44550,44550,44550,44550,44550,1489,2192,1091,
596,89400,46828,298,298,298,44849,44849,44849,44849,44849,44849,1494,2196,1096,
598,89999,45926,299,299,299,45149,45149,45149,45149,45149,45149,1499,2200,1094,
600,90600,45111,300,300,300,45450,45450,45450,45450,45450,45450,1504,2204,1096,
602,91203,49318,301,301,301,45752,45752,45752,45752,45752,45752,1509,2208,1099,
604,91808,50423,302,302,302,46055,46055,46055,46055,46055,46055,1514,2212,1106,
606,92415,47267,303,303,303,46359,46359,46359,46359,46359,46359,1519,2216,1105,
608,93024,44288,304,304,304,46664,46664,46664,46664,46664,46664,1524,2220,1110,
610,93635,47825,305,305,305,46970,46970,46970,46970,46970,46970,1529,2224,1112,
612,94248,43843,306,306,306,47277,47277,47277,47277,47277,47277,1534,2228,1116,
614,94863,48951,307,307,307,47585,47585,47585,47585,47585,47585,1539,2232,1118,
616,95480,48014,308,308,308,47894,47894,47894,47894,47894,47894,1544,2236,1123,
618,96099,47698,309,309,309,48204,48204,48204,48204,48204,48204,1549,2240,1125,
620,96720,45138,310,310,310,48515,48515,48515,48515,48515,48515,1554,2244,1126,
622,97343,48348,311,311,311,48827,48827,48827,48827,48827,48827,1559,2248,1133,
624,97968,45980,312,312,312,49140,49140,49140,49140,49140,49140,1564,2252,1136,
626,98595,50794,313,313,313,49454,49454,49454,49454,49454,49454,1569,2256,1136,
628,99224,50835,314,314,314,49769,49769,49769,49769,49769,49769,1574,2260,1144,
630,99855,46294,315,315,315,50085,50085,50085,50085,50085,50085,1579,2264,1144,
632,100488,50296,316,316,316,50402,50402,50402,50402,50402,50402,1584,2268,1147,
634,101123,54205,317,317,317,50720,50720,50720,50720,50720,50720,1589,2272,1147,
636,101760,49696,318,318,318,51039,51039,51039,51039,51039,51039,1594,2276,1147,
638,102399,50972,319,319,319,51359,51359,51359,51359,51359,51359,1599,2280,1150,
640,103040,53670,320,320,320,51680,51680,51680,51680,51680,51680,1604,2284,1162,
642,103683,48456,321,321,321,52002,52002,52002,52002,52002,52002,1609,2288,1158,
644,104328,51217,322,322,322,52325,52325,52325,52325,52325,52325,1614,2292,1161,
646,104975,55742,323,323,323,52649,52649,52649,52649,52649,52649,1619,2296,1168,
648,105624,52355,324,324,324,52974,52974,52974,52974,52974,52974,1624,2300,1171,
650,106275,53662,325,325,325,53300,53300,53300,53300,53300,53300,1629,2304,1175,
652,106928,53919,326,326,326,53627,53627,53627,53627,53627,53627,1634,2308,1178,
654,107583,50892,327,327,327,53955,53955,53955,53955,53955,53955,1639,2312,1182,
656,108240,57829,328,328,328,54284,54284,54284,54284,54284,54284,1644,2316,1180,
658,108899,54815,329,329,329,54614,54614,54614,54614,54614,54614,1649,2320,1184,
660,109560,56457,330,330,330,54945,54945,54945,54945,54945,54945,1654,2324,1191,
662,110223,55216,331,331,331,55277,55277,55277,55277,55277,55277,1659,2328,1193,
664,110888,53710,332,332,332,55610,55610,55610,55610,55610,55610,1664,2332,1192,
666,111555,59459,333,333,333,55944,55944,55944,55944,55944,55944,1669,2336,1197,
668,112224,58543,334,334,334,56279,56279,56279,56279,56279,56279,1674,2340,1198,
670,112895,55334,335,335,335,56615,56615,56615,56615,56615,56615,1679,2344,1205,
672,113568,53980,336,336,336,56952,56952,56952,56952,56952,56952,1684,2348,1203,
674,114243,55912,337,337,337,57290,57290,57290,57290,57290,57290,1689,2352,1207,
676,114920,60527,338,338,338,57629,57629,57629,57629,57629,57629,1694,2356,1214,
678,115599,58627,339,339,339,57969,57969,57969,57969,57969,57969,1699,2360,1216,
680,116280,56462,340,340,340,58310,58310,58310,58310,58310,58310,1704,2364,1217,
682,116963,57061,341,341,341,58652,58652,58652,58652,58652,58652,1709,2368,1223,
684,117648,58718,342,342,342,58995,58995,58995,58995,58995,58995,1714,2372,1225,
686,118335,56649,343,343,343,59339,59339,59339,59339,59339,59339,1719,2376,1229,
688,119024,61956,344,344,344,59684,59684,59684,59684,59684,59684,1724,2380,1231,
690,119715,62095,345,345,345,60030,60030,60030,60030,60030,60030,1729,2384,1235,
692,120408,56596,346,346,346,60377,60377,60377,60377,60377,60377,1734,2388,1239,
694,121103,61238,347,347,347,60725,60725,60725,60725,60725,60725,1739,2392,1239,
696,121800,57964,348,348,348,61074,61074,61074,61074,61074,61074,1744,2396,1243,
698,122499,59924,349,349,349,61424,61424,61424,61424,61424,61424,1749,2400,1248,
700,123200,61892,350,350,350,61775,61775,61775,61775,61775,61775,1754,2404,1251,
702,123903,63135,351,351,351,62127,62127,62127,62127,62127,62127,1759,2408,1251,
704,124608,59221,352,352,352,62480,62480,62480,62480,62480,62480,1764,2412,1254,
706,125315,60615,353,353,353,62834,62834,62834,62834,62834,62834,1769,2416,1258,
708,126024,62149,354,354,354,63189,63189,63189,63189,63189,63189,1774,2420,1262,
710,126735,63214,355,355,355,63545,63545,63545,63545,63545,63545,1779,2424,1265,
712,127448,68164,356,356,356,63902,63902,63902,63902,63902,63902,1784,2428,1267,
714,128163,68832,357,357,357,64260,64260,64260,64260,64260,64260,1789,2432,1269,
716,128880,58733,358,358,358,64619,64619,64619,64619,64619,64619,1794,2436,1276,
718,129599,61528,359,359,359,64979,64979,64979,64979,64979,64979,1799,2440,1276,
720,130320,62370,360,360,360,65340,65340,65340,65340,65340,65340,1804,2444,1282,
722,131043,59526,361,361,361,65702,65702,65702,65702,65702,65702,1809,2448,1283,
724,131768,65956,362,362,362,66065,66065,66065,66065,66065,66065,1814,2452,1286,
726,132495,68764,363,363,363,66429,66429,66429,66429,66429,66429,1819,2456,1287,
728,133224,61661,364,364,364,66794,66794,66794,66794,66794,66794,1824,2460,1288,
730,133955,72084,365,365,365,67160,67160,67160,67160,67160,67160,1829,2464,1296,
732,134688,67130,366,366,366,67527,67527,67527,67527,67527,67527,1834,2468,1300,
734,135423,69177,367,367,367,67895,67895,67895,67895,67895,67895,1839,2472,1303,
736,136160,66789,368,368,368,68264,68264,68264,68264,68264,68264,1844,2476,1306,
738,136899,70868,369,369,369,68634,68634,68634,68634,68634,68634,1849,2480,1307,
740,137640,70723,370,370,370,69005,69005,69005,69005,69005,69005,1854,2484,1306,
742,138383,67710,371,371,371,69377,69377,69377,69377,69377,69377,1859,2488,1313,
744,139128,68943,372,372,372,69750,69750,69750,69750,69750,69750,1864,2492,1315,
746,139875,72032,373,373,373,70124,70124,70124,70124,70124,70124,1869,2496,1319,
748,140624,71826,374,374,374,70499,70499,70499,70499,70499,70499,1874,2500,1322,
750,141375,72206,375,375,375,70875,70875,70875,70875,70875,70875,1879,2504,1324,
752,142128,74687,376,376,376,71252,71252,71252,71252,71252,71252,1884,2508,1327,
754,142883,70310,377,377,377,71630,71630,71630,71630,71630,71630,1889,2512,1331,
756,143640,70589,378,378,378,72009,72009,72009,72009,72009,72009,1894,2516,1335,
758,144399,72211,379,379,379,72389,72389,72389,72389,72389,72389,1899,2520,1336,
760,145160,73365,380,380,380,72770,72770,72770,72770,72770,72770,1904,2524,1339,
762,145923,71818,381,381,381,73152,73152,73152,73152,73152,73152,1909,2528,1343,
764,146688,69269,382,382,382,73535,73535,73535,73535,73535,73535,1914,2532,1347,
766,147455,77287,383,383,383,73919,73919,73919,73919,73919,73919,1919,2536,1349,
768,148224,78902,384,384,384,74304,74304,74304,74304,74304,74304,1924,2540,1352,
770,148995,73202,385,385,385,74690,74690,74690,74690,74690,74690,1929,2544,1357,
772,149768,76963,386,386,386,75077,75077,75077,75077,75077,75077,1934,2548,1358,
774,150543,75515,387,387,387,75465,75465,75465,75465,75465,75465,1939,2552,1360,
776,151320,76213,388,388,388,75854,75854,75854,75854,75854,75854,1944,2556,1366,
778,152099,80536,389,389,389,76244,76244,76244,76244,76244,76244,1949,2560,1367,
780,152880,72857,390,390,390,76635,76635,76635,76635,76635,76635,1954,2564,1372,
782,153663,74475,391,391,391,77027,77027,77027,77027,77027,77027,1959,2568,1372,
784,154448,70758,392,392,392,77420,77420,77420,77420,77420,77420,1964,2572,1378,
786,155235,78142,393,393,393,77814,77814,77814,77814,77814,77814,1969,2576,1379,
788,156024,75790,394,394,394,78209,78209,78209,78209,78209,78209,1974,2580,1384,
790,156815,78726,395,395,395,78605,78605,78605,78605,78605,78605,1979,2584,1386,
792,157608,78696,396,396,396,79002,79002,79002,79002,79002,79002,1984,2588,1390,
794,158403,81390,397,397,397,79400,79400,79400,79400,79400,79400,1989,2592,1390,
796,159200,77379,398,398,398,79799,79799,79799,79799,79799,79799,1994,2596,1394,
798,159999,79111,399,399,399,80199,80199,80199,80199,80199,80199,1999,2600,1393,
800,160800,86200,400,400,400,80600,80600,80600,80600,80600,80600,2004,2604,1401,
802,161603,80385,401,401,401,81002,81002,81002,81002,81002,81002,2009,2608,1403,
804,162408,77191,402,402,402,81405,81405,81405,81405,81405,81405,2014,2612,1406,
806,163215,80803,403,403,403,81809,81809,81809,81809,81809,81809,2019,2616,1407,
808,164024,82571,404,404,404,82214,82214,82214,82214,82214,82214,2024,2620,1413,
810,164835,86435,405,405,405,82620,82620,82620,82620,82620,82620,2029,2624,1416,
812,165648,81227,406,406,406,83027,83027,83027,83027,83027,83027,2034,2628,1418,
814,166463,77493,407,407,407,83435,83435,83435,83435,83435,83435,2039,2632,1422,
816,167280,88451,408,408,408,83844,83844,83844,83844,83844,83844,2044,2636,1425,
818,168099,84156,409,409,409,84254,84254,84254,84254,84254,84254,2049,2640,1427,
820,168920,85955,410,410,410,84665,84665,84665,84665,84665,84665,2054,2644,1431,
822,169743,82194,411,411,411,85077,85077,85077,85077,85077,85077,2059,2648,1434,
824,170568,78131,412,412,412,85490,85490,85490,85490,85490,85490,2064,2652,1438,
826,171395,87442,413,413,413,85904,85904,85904,85904,85904,85904,2069,2656,1441,
828,172224,81289,414,414,414,86319,86319,86319,86319,86319,86319,2074,2660,1441,
830,173055,87852,415,415,415,86735,86735,86735,86735,86735,86735,2079,2664,1447,
832,173888,84828,416,416,416,87152,87152,87152,87152,87152,87152,2084,2668,1449,
834,174723,84243,417,417,417,87570,87570,87570,87570,87570,87570,2089,2672,1450,
836,175560,87112,418,418,418,87989,87989,87989,87989,87989,87989,2094,2676,1454,
838,176399,92340,419,419,419,88409,88409,88409,88409,88409,88409,2099,2680,1455,
840,177240,88014,420,420,420,88830,88830,88830,88830,88830,88830,2104,2684,1460,
842,178083,89480,421,421,421,89252,89252,89252,89252,89252,89252,2109,2688,1465,
844,178928,90203,422,422,422,89675,89675,89675,89675,89675,89675,2114,2692,1468,
846,179775,88392,423,423,423,90099,90099,90099,90099,90099,90099,2119,2696,1471,
848,180624,88266,424,424,424,90524,90524,90524,90524,90524,90524,2124,2700,1473,
850,181475,92240,425,425,425,90950,90950,90950,90950,90950,90950,2129,2704,1476,
852,182328,92186,426,426,426,91377,91377,91377,91377,91377,91377,2134,2708,1479,
854,183183,90249,427,427,427,91805,91805,91805,91805,91805,91805,2139,2712,1481,
856,184040,89083,428,428,428,92234,92234,92234,92234,92234,92234,2144,2716,1485,
858,184899,89304,429,429,429,92664,92664,92664,92664,92664,92664,2149,2720,1486,
860,185760,85435,430,430,430,93095,93095,93095,93095,93095,93095,2154,2724,1489,
862,186623,93017,431,431,431,93527,93527,93527,93527,93527,93527,2159,2728,1494,
864,187488,92089,432,432,432,93960,93960,93960,93960,93960,93960,2164,2732,1496,
866,188355,96433,433,433,433,94394,94394,94394,94394,94394,94394,2169,2736,1501,
868,189224,94983,434,434,434,94829,94829,94829,94829,94829,94829,2174,2740,1501,
870,190095,86283,435,435,435,95265,95265,95265,95265,95265,95265,2179,2744,1505,
872,190968,97695,436,436,436,95702,95702,95702,95702,95702,95702,2184,2748,1508,
874,191843,96701,437,437,437,96140,96140,96140,96140,96140,96140,2189,2752,1512,
876,192720,96285,438,438,438,96579,96579,96579,96579,96579,96579,2194,2756,1515,
878,193599,92223,439,439,439,97019,97019,97019,97019,97019,97019,2199,2760,1517,
880,194480,94664,440,440,440,97460,97460,97460,97460,97460,97460,2204,2764,1522,
882,195363,94694,441,441,441,97902,97902,97902,97902,97902,97902,2209,2768,1525,
884,196248,95086,442,442,442,98345,98345,98345,98345,98345,98345,2214,2772,1526,
886,197135,100165,443,443,443,98789,98789,98789,98789,98789,98789,2219,2776,1529,
888,198024,102378,444,444,444,99234,99234,99234,99234,99234,99234,2224,2780,1530,
890,198915,99835,445,445,445,99680,99680,99680,99680,99680,99680,2229,2784,1537,
892,199808,106248,446,446,446,100127,100127,100127,100127,100127,100127,2234,2788,1540,
894,200703,103362,447,447,447,100575,100575,100575,100575,100575,100575,2239,2792,1542,
896,201600,103873,448,448,448,101024,101024,101024,101024,101024,101024,2244,2796,1545,
898,202499,96887,449,449,449,101474,101474,101474,101474,101474,101474,2249,2800,1549,
900,203400,104008,450,450,450,101925,101925,101925,101925,101925,101925,2254,2804,1551,
902,204303,103038,451,451,451,102377,102377,102377,102377,102377,102377,2259,2808,1553,
904,205208,101181,452,452,452,102830,102830,102830,102830,102830,102830,2264,2812,1556,
906,206115,104924,453,453,453,103284,103284,103284,103284,103284,103284,2269,2816,1560,
908,207024,96230,454,454,454,103739,103739,103739,103739,103739,103739,2274,2820,1562,
910,207935,101826,455,455,455,104195,104195,104195,104195,104195,104195,2279,2824,1567,
912,208848,101901,456,456,456,104652,104652,104652,104652,104652,104652,2284,2828,1570,
914,209763,106255,457,457,457,105110,105110,105110,105110,105110,105110,2289,2832,1571,
916,210680,102464,458,458,458,105569,105569,105569,105569,105569,105569,2294,2836,1575,
918,211599,106268,459,459,459,106029,106029,106029,106029,106029,106029,2299,2840,1578,
920,212520,101101,460,460,460,106490,106490,106490,106490,106490,106490,2304,2844,1581,
922,213443,104357,461,461,461,106952,106952,106952,106952,106952,106952,2309,2848,1584,
924,214368,108205,462,462,462,107415,107415,107415,107415,107415,107415,2314,2852,1588,
926,215295,106479,463,463,463,107879,107879,107879,107879,107879,107879,2319,2856,1588,
928,216224,99926,464,464,464,108344,108344,108344,108344,108344,108344,2324,2860,1593,
930,217155,104957,465,465,465,108810,108810,108810,108810,108810,108810,2329,2864,1596,
932,218088,107148,466,466,466,109277,109277,109277,109277,109277,109277,2334,2868,1600,
934,219023,109246,467,467,467,109745,109745,109745,109745,109745,109745,2339,2872,1603,
936,219960,108555,468,468,468,110214,110214,110214,110214,110214,110214,2344,2876,1605,
938,220899,109021,469,469,469,110684,110684,110684,110684,110684,110684,2349,2880,1609,
940,221840,111259,470,470,470,111155,111155,111155,111155,111155,111155,2354,2884,1611,
942,222783,115736,471,471,471,111627,111627,111627,111627,111627,111627,2359,2888,1615,
944,223728,111684,472,472,472,112100,112100,112100,112100,112100,112100,2364,2892,1618,
946,224675,109935,473,473,473,112574,112574,112574,112574,112574,112574,2369,2896,1620,
948,225624,115081,474,474,474,113049,113049,113049,113049,113049,113049,2374,2900,1624,
950,226575,125710,475,475,475,113525,113525,113525,113525,113525,113525,2379,2904,1626,
952,227528,108056,476,476,476,114002,114002,114002,114002,114002,114002,2384,2908,1630,
954,228483,112697,477,477,477,114480,114480,114480,114480,114480,114480,2389,2912,1633,
956,229440,111534,478,478,478,114959,114959,114959,114959,114959,114959,2394,2916,1635,
958,230399,120153,479,479,479,115439,115439,115439,115439,115439,115439,2399,2920,1638,
960,231360,115678,480,480,480,115920,115920,115920,115920,115920,115920,2404,2924,1641,
962,232323,115723,481,481,481,116402,116402,116402,116402,116402,116402,2409,2928,1644,
964,233288,119583,482,482,482,116885,116885,116885,116885,116885,116885,2414,2932,1648,
966,234255,124957,483,483,483,117369,117369,117369,117369,117369,117369,2419,2936,1651,
968,235224,111514,484,484,484,117854,117854,117854,117854,117854,117854,2424,2940,1654,
970,236195,117636,485,485,485,118340,118340,118340,118340,118340,118340,2429,2944,1656,
972,237168,121049,486,486,486,118827,118827,118827,118827,118827,118827,2434,2948,1660,
974,238143,117397,487,487,487,119315,119315,119315,119315,119315,119315,2439,2952,1663,
976,239120,118972,488,488,488,119804,119804,119804,119804,119804,119804,2444,2956,1664,
978,240099,124158,489,489,489,120294,120294,120294,120294,120294,120294,2449,2960,1668,
980,241080,119838,490,490,490,120785,120785,120785,120785,120785,120785,2454,2964,1671,
982,242063,123156,491,491,491,121277,121277,121277,121277,121277,121277,2459,2968,1675,
984,243048,127883,492,492,492,121770,121770,121770,121770,121770,121770,2464,2972,1678,
986,244035,120561,493,493,493,122264,122264,122264,122264,122264,122264,2469,2976,1680,
988,245024,122890,494,494,494,122759,122759,122759,122759,122759,122759,2474,2980,1683,
990,246015,123562,495,495,495,123255,123255,123255,123255,123255,123255,2479,2984,1685,
992,247008,124813,496,496,496,123752,123752,123752,123752,123752,123752,2484,2988,1690,
994,248003,115726,497,497,497,124250,124250,124250,124250,124250,124250,2489,2992,1691,
996,249000,129229,498,498,498,124749,124749,124749,124749,124749,124749,2494,2996,1696,
998,249999,120693,499,499,499,125249,125249,125249,125249,125249,125249,2499,3000,1698,
1000,251000,123244,500,500,500,125750,125750,125750,125750,125750,125750,2504,3004,1702,
1002,252003,126143,501,501,501,126252,126252,126252,126252,126252,126252,2509,3008,1705,
1004,253008,125619,502,502,502,126755,126755,126755,126755,126755,126755,2514,3012,1708,
1006,254015,125346,503,503,503,127259,127259,127259,127259,127259,127259,2519,3016,1711,
1008,255024,127346,504,504,504,127764,127764,127764,127764,127764,127764,2524,3020,1714,
1010,256035,126468,505,505,505,128270,128270,128270,128270,128270,128270,2529,3024,1717,
1012,257048,125001,506,506,506,128777,128777,128777,128777,128777,128777,2534,3028,1719,
1014,258063,123161,507,507,507,129285,129285,129285,129285,129285,129285,2539,3032,1723,
1016,259080,123009,508,508,508,129794,129794,129794,129794,129794,129794,2544,3036,1724,
1018,260099,130628,509,509,509,130304,130304,130304,130304,130304,130304,2549,3040,1728,
1020,261120,130244,510,510,510,130815,130815,130815,130815,130815,130815,2554,3044,1731,
1022,262143,124190,511,511,511,131327,131327,131327,131327,131327,131327,2559,3048,1734,
1024,263168,134608,512,512,512,131840,131840,131840,131840,131840,131840,2564,3052,1737,
1026,264195,127996,513,513,513,132354,132354,132354,132354,132354,132354,2569,3056,1739,
1028,265224,128998,514,514,514,132869,132869,132869,132869,132869,132869,2574,3060,1744,
1030,266255,126624,515,515,515,133385,133385,133385,133385,133385,133385,2579,3064,1746,
1032,267288,134136,516,516,516,133902,133902,133902,133902,133902,133902,2584,3068,1748,
1034,268323,133311,517,517,517,134420,134420,134420,134420,134420,134420,2589,3072,1752,
1036,269360,134434,518,518,518,134939,134939,134939,134939,134939,134939,2594,3076,1754,
1038,270399,132164,519,519,519,135459,135459,135459,135459,135459,135459,2599,3080,1758,
1040,271440,133294,520,520,520,135980,135980,135980,135980,135980,135980,2604,3084,1762,
1042,272483,143187,521,521,521,136502,136502,136502,136502,136502,136502,2609,3088,1765,
1044,273528,148381,522,522,522,137025,137025,137025,137025,137025,137025,2614,3092,1768,
1046,274575,139780,523,523,523,137549,137549,137549,137549,137549,137549,2619,3096,1771,
1048,275624,136411,524,524,524,138074,138074,138074,138074,138074,138074,2624,3100,1774,
1050,276675,138581,525,525,525,138600,138600,138600,138600,138600,138600,2629,3104,1777,
1052,277728,137606,526,526,526,139127,139127,139127,139127,139127,139127,2634,3108,1780,
1054,278783,142671,527,527,527,139655,139655,139655,139655,139655,139655,2639,3112,1783,
1056,279840,140933,528,528,528,140184,140184,140184,140184,140184,140184,2644,3116,1786,
1058,280899,142660,529,529,529,140714,140714,140714,140714,140714,140714,2649,3120,1788,
1060,281960,135209,530,530,530,141245,141245,141245,141245,141245,141245,2654,3124,1792,
1062,283023,143277,531,531,531,141777,141777,141777,141777,141777,141777,2659,3128,1795,
1064,284088,136692,532,532,532,142310,142310,142310,142310,142310,142310,2664,3132,1797,
1066,285155,139943,533,533,533,142844,142844,142844,142844,142844,142844,2669,3136,1801,
1068,286224,141281,534,534,534,143379,143379,143379,143379,143379,143379,2674,3140,1804,
1070,287295,146405,535,535,535,143915,143915,143915,143915,143915,143915,2679,3144,1807,
1072,288368,142275,536,536,536,144452,144452,144452,144452,144452,144452,2684,3148,1810,
1074,289443,148382,537,537,537,144990,144990,144990,144990,144990,144990,2689,3152,1812,
1076,290520,136921,538,538,538,145529,145529,145529,145529,145529,145529,2694,3156,1814,
1078,291599,138524,539,539,539,146069,146069,146069,146069,146069,146069,2699,3160,1819,
1080,292680,150278,540,540,540,146610,146610,146610,146610,146610,146610,2704,3164,1821,
1082,293763,143772,541,541,541,147152,147152,147152,147152,147152,147152,2709,3168,1825,
1084,294848,144040,542,542,542,147695,147695,147695,147695,147695,147695,2714,3172,1828,
1086,295935,143390,543,543,543,148239,148239,148239,148239,148239,148239,2719,3176,1831,
1088,297024,148014,544,544,544,148784,148784,148784,148784,148784,148784,2724,3180,1834,
1090,298115,149460,545,545,545,149330,149330,149330,149330,149330,149330,2729,3184,1836,
1092,299208,153721,546,546,546,149877,149877,149877,149877,149877,149877,2734,3188,1840,
1094,300303,148816,547,547,547,150425,150425,150425,150425,150425,150425,2739,3192,1842,
1096,301400,149824,548,548,548,150974,150974,150974,150974,150974,150974,2744,3196,1846,
1098,302499,152473,549,549,549,151524,151524,151524,151524,151524,151524,2749,3200,1849,
1100,303600,150868,550,550,550,152075,152075,152075,152075,152075,152075,2754,3204,1852,
1102,304703,154473,551,551,551,152627,152627,152627,152627,152627,152627,2759,3208,1855,
1104,305808,154011,552,552,552,153180,153180,153180,153180,153180,153180,2764,3212,1857,
1106,306915,158432,553,553,553,153734,153734,153734,153734,153734,153734,2769,3216,1861,
1108,308024,155010,554,554,554,154289,154289,154289,154289,154289,154289,2774,3220,1864,
1110,309135,151347,555,555,555,154845,154845,154845,154845,154845,154845,2779,3224,1867,
1112,310248,152231,556,556,556,155402,155402,155402,155402,155402,155402,2784,3228,1870,
1114,311363,154992,557,557,557,155960,155960,155960,155960,155960,155960,2789,3232,1873,
1116,312480,153105,558,558,558,156519,156519,156519,156519,156519,156519,2794,3236,1876,
1118,313599,152847,559,559,559,157079,157079,157079,157079,157079,157079,2799,3240,1877,
1120,314720,157729,560,560,560,157640,157640,157640,157640,157640,157640,2804,3244,1882,
1122,315843,155970,561,561,561,158202,158202,158202,158202,158202,158202,2809,3248,1885,
1124,316968,155219,562,562,562,158765,158765,158765,158765,158765,158765,2814,3252,1888,
1126,318095,156622,563,563,563,159329,159329,159329,159329,159329,159329,2819,3256,1891,
1128,319224,158022,564,564,564,159894,159894,159894,159894,159894,159894,2824,3260,1893,
1130,320355,159080,565,565,565,160460,160460,160460,160460,160460,160460,2829,3264,1897,
1132,321488,165174,566,566,566,161027,161027,161027,161027,161027,161027,2834,3268,1900,
1134,322623,157699,567,567,567,161595,161595,161595,161595,161595,161595,2839,3272,1903,
1136,323760,155559,568,568,568,162164,162164,162164,162164,162164,162164,2844,3276,1904,
1138,324899,161522,569,569,569,162734,162734,162734,162734,162734,162734,2849,3280,1909,
1140,326040,158255,570,570,570,163305,163305,163305,163305,163305,163305,2854,3284,1912,
1142,327183,162325,571,571,571,163877,163877,163877,163877,163877,163877,2859,3288,1915,
1144,328328,159657,572,572,572,164450,164450,164450,164450,164450,164450,2864,3292,1918,
1146,329475,157390,573,573,573,165024,165024,165024,165024,165024,165024,2869,3296,1921,
1148,330624,157946,574,574,574,165599,165599,165599,165599,165599,165599,2874,3300,1924,
1150,331775,169145,575,575,575,166175,166175,166175,166175,166175,166175,2879,3304,1927,
1152,332928,165661,576,576,576,166752,166752,166752,166752,166752,166752,2884,3308,1930,
1154,334083,162939,577,577,577,167330,167330,167330,167330,167330,167330,2889,3312,1932,
1156,335240,171410,578,578,578,167909,167909,167909,167909,167909,167909,2894,3316,1936,
1158,336399,170320,579,579,579,168489,168489,168489,168489,168489,168489,2899,3320,1939,
1160,337560,169592,580,580,580,169070,169070,169070,169070,169070,169070,2904,3324,1942,
1162,338723,163738,581,581,581,169652,169652,169652,169652,169652,169652,2909,3328,1944,
1164,339888,166996,582,582,582,170235,170235,170235,170235,170235,170235,2914,3332,1948,
1166,341055,163361,583,583,583,170819,170819,170819,170819,170819,170819,2919,3336,1951,
1168,342224,180685,584,584,584,171404,171404,171404,171404,171404,171404,2924,3340,1954,
1170,343395,167780,585,585,585,171990,171990,171990,171990,171990,171990,2929,3344,1957,
1172,344568,170737,586,586,586,172577,172577,172577,172577,172577,172577,2934,3348,1959,
1174,345743,164928,587,587,587,173165,173165,173165,173165,173165,173165,2939,3352,1963,
1176,346920,170092,588,588,588,173754,173754,173754,173754,173754,173754,2944,3356,1966,
1178,348099,175455,589,589,589,174344,174344,174344,174344,174344,174344,2949,3360,1969,
1180,349280,177570,590,590,590,174935,174935,174935,174935,174935,174935,2954,3364,1972,
1182,350463,177353,591,591,591,175527,175527,175527,175527,175527,175527,2959,3368,1975,
1184,351648,166053,592,592,592,176120,176120,176120,176120,176120,176120,2964,3372,1978,
1186,352835,178677,593,593,593,176714,176714,176714,176714,176714,176714,2969,3376,1980,
1188,354024,179428,594,594,594,177309,177309,177309,177309,177309,177309,2974,3380,1984,
1190,355215,171864,595,595,595,177905,177905,177905,177905,177905,177905,2979,3384,1987,
1192,356408,173091,596,596,596,178502,178502,178502,178502,178502,178502,2984,3388,1990,
1194,357603,171507,597,597,597,179100,179100,179100,179100,179100,179100,2989,3392,1992,
1196,358800,179008,598,598,598,179699,179699,179699,179699,179699,179699,2994,3396,1996,
1198,359999,177925,599,599,599,180299,180299,180299,180299,180299,180299,2999,3400,1999,
1200,361200,183253,600,600,600,180900,180900,180900,180900,180900,180900,3004,3404,2002,
1202,362403,171290,601,601,601,181502,181502,181502,181502,181502,181502,3009,3408,2004,
1204,363608,177193,602,602,602,182105,182105,182105,182105,182105,182105,3014,3412,2008,
1206,364815,181005,603,603,603,182709,182709,182709,182709,182709,182709,3019,3416,2011,
1208,366024,182803,604,604,604,183314,183314,183314,183314,183314,183314,3024,3420,2014,
1210,367235,187593,605,605,605,183920,183920,183920,183920,183920,183920,3029,3424,2017,
1212,368448,188341,606,606,606,184527,184527,184527,184527,184527,184527,3034,3428,2020,
1214,369663,187725,607,607,607,185135,185135,185135,185135,185135,185135,3039,3432,2023,
1216,370880,178153,608,608,608,185744,185744,185744,185744,185744,185744,3044,3436,2026,
1218,372099,188228,609,609,609,186354,186354,186354,186354,186354,186354,3049,3440,2029,
1220,373320,190459,610,610,610,186965,186965,186965,186965,186965,186965,3054,3444,2032,
1222,374543,184134,611,611,611,187577,187577,187577,187577,187577,187577,3059,3448,2035,
1224,375768,191900,612,612,612,188190,188190,188190,188190,188190,188190,3064,3452,2038,
1226,376995,184692,613,613,613,188804,188804,188804,188804,188804,188804,3069,3456,2041,
1228,378224,183438,614,614,614,189419,189419,189419,189419,189419,189419,3074,3460,2044,
1230,379455,190648,615,615,615,190035,190035,190035,190035,190035,190035,3079,3464,2047,
1232,380688,195509,616,616,616,190652,190652,190652,190652,190652,190652,3084,3468,2050,
1234,381923,196736,617,617,617,191270,191270,191270,191270,191270,191270,3089,3472,2052,
1236,383160,192446,618,618,618,191889,191889,191889,191889,191889,191889,3094,3476,2055,
1238,384399,188116,619,619,619,192509,192509,192509,192509,192509,192509,3099,3480,2059,
1240,385640,193777,620,620,620,193130,193130,193130,193130,193130,193130,3104,3484,2062,
1242,386883,195042,621,621,621,193752,193752,193752,193752,193752,193752,3109,3488,2065,
1244,388128,182550,622,622,622,194375,194375,194375,194375,194375,194375,3114,3492,2068,
1246,389375,185697,623,623,623,194999,194999,194999,194999,194999,194999,3119,3496,2071,
1248,390624,203833,624,624,624,195624,195624,195624,195624,195624,195624,3124,3500,2074,
1250,391875,192409,625,625,625,196250,196250,196250,196250,196250,196250,3129,3504,2076,
1252,393128,188578,626,626,626,196877,196877,196877,196877,196877,196877,3134,3508,2080,
1254,394383,201967,627,627,627,197505,197505,197505,197505,197505,197505,3139,3512,2083,
1256,395640,196548,628,628,628,198134,198134,198134,198134,198134,198134,3144,3516,2086,
1258,396899,197051,629,629,629,198764,198764,198764,198764,198764,198764,3149,3520,2088,
1260,398160,194821,630,630,630,199395,199395,199395,199395,199395,199395,3154,3524,2092,
1262,399423,204404,631,631,631,200027,200027,200027,200027,200027,200027,3159,3528,2094,
1264,400688,199719,632,632,632,200660,200660,200660,200660,200660,200660,3164,3532,2098,
1266,401955,201171,633,633,633,201294,201294,201294,201294,201294,201294,3169,3536,2101,
1268,403224,198572,634,634,634,201929,201929,201929,201929,201929,201929,3174,3540,2104,
1270,404495,208813,635,635,635,202565,202565,202565,202565,202565,202565,3179,3544,2107,
1272,405768,200382,636,636,636,203202,203202,203202,203202,203202,203202,3184,3548,2109,
1274,407043,213064,637,637,637,203840,203840,203840,203840,203840,203840,3189,3552,2113,
1276,408320,202257,638,638,638,204479,204479,204479,204479,204479,204479,3194,3556,2116,
1278,409599,213548,639,639,639,205119,205119,205119,205119,205119,205119,3199,3560,2119,
1280,410880,203557,640,640,640,205760,205760,205760,205760,205760,205760,3204,3564,2122,
1282,412163,198932,641,641,641,206402,206402,206402,206402,206402,206402,3209,3568,2125,
1284,413448,209990,642,642,642,207045,207045,207045,207045,207045,207045,3214,3572,2128,
1286,414735,204566,643,643,643,207689,207689,207689,207689,207689,207689,3219,3576,2131,
1288,416024,208369,644,644,644,208334,208334,208334,208334,208334,208334,3224,3580,2133,
1290,417315,208224,645,645,645,208980,208980,208980,208980,208980,208980,3229,3584,2137,
1292,418608,205201,646,646,646,209627,209627,209627,209627,209627,209627,3234,3588,2140,
1294,419903,208764,647,647,647,210275,210275,210275,210275,210275,210275,3239,3592,2143,
1296,421200,218860,648,648,648,210924,210924,210924,210924,210924,210924,3244,3596,2146,
1298,422499,215402,649,649,649,211574,211574,211574,211574,211574,211574,3249,3600,2149,
1300,423800,208306,650,650,650,212225,212225,212225,212225,212225,212225,3254,3604,2151,
1302,425103,208871,651,651,651,212877,212877,212877,212877,212877,212877,3259,3608,2155,
1304,426408,206228,652,652,652,213530,213530,213530,213530,213530,213530,3264,3612,2158,
1306,427715,210817,653,653,653,214184,214184,214184,214184,214184,214184,3269,3616,2161,
1308,429024,218691,654,654,654,214839,214839,214839,214839,214839,214839,3274,3620,2164,
1310,430335,220695,655,655,655,215495,215495,215495,215495,215495,215495,3279,3624,2167,
1312,431648,210000,656,656,656,216152,216152,216152,216152,216152,216152,3284,3628,2170,
1314,432963,214612,657,657,657,216810,216810,216810,216810,216810,216810,3289,3632,2173,
1316,434280,224649,658,658,658,217469,217469,217469,217469,217469,217469,3294,3636,2176,
1318,435599,209193,659,659,659,218129,218129,218129,218129,218129,218129,3299,3640,2179,
1320,436920,206937,660,660,660,218790,218790,218790,218790,218790,218790,3304,3644,2182,
1322,438243,218871,661,661,661,219452,219452,219452,219452,219452,219452,3309,3648,2185,
1324,439568,219396,662,662,662,220115,220115,220115,220115,220115,220115,3314,3652,2188,
1326,440895,217984,663,663,663,220779,220779,220779,220779,220779,220779,3319,3656,2191,
1328,442224,223470,664,664,664,221444,221444,221444,221444,221444,221444,3324,3660,2194,
1330,443555,213672,665,665,665,222110,222110,222110,222110,222110,222110,3329,3664,2197,
1332,444888,219437,666,666,666,222777,222777,222777,222777,222777,222777,3334,3668,2200,
1334,446223,212010,667,667,667,223445,223445,223445,223445,223445,223445,3339,3672,2203,
1336,447560,225290,668,668,668,224114,224114,224114,224114,224114,224114,3344,3676,2206,
1338,448899,229428,669,669,669,224784,224784,224784,224784,224784,224784,3349,3680,2209,
1340,450240,225470,670,670,670,225455,225455,225455,225455,225455,225455,3354,3684,2212,
1342,451583,217765,671,671,671,226127,226127,226127,226127,226127,226127,3359,3688,2215,
1344,452928,216304,672,672,672,226800,226800,226800,226800,226800,226800,3364,3692,2218,
1346,454275,219043,673,673,673,227474,227474,227474,227474,227474,227474,3369,3696,2221,
1348,455624,222058,674,674,674,228149,228149,228149,228149,228149,228149,3374,3700,2224,
1350,456975,219437,675,675,675,228825,228825,228825,228825,228825,228825,3379,3704,2227,
1352,458328,233796,676,676,676,229502,229502,229502,229502,229502,229502,3384,3708,2229,
1354,459683,235906,677,677,677,230180,230180,230180,230180,230180,230180,3389,3712,2233,
1356,461040,226767,678,678,678,230859,230859,230859,230859,230859,230859,3394,3716,2236,
1358,462399,228666,679,679,679,231539,231539,231539,231539,231539,231539,3399,3720,2239,
1360,463760,231676,680,680,680,232220,232220,232220,232220,232220,232220,3404,3724,2242,
1362,465123,242761,681,681,681,232902,232902,232902,232902,232902,232902,3409,3728,2245,
1364,466488,233759,682,682,682,233585,233585,233585,233585,233585,233585,3414,3732,2248,
1366,467855,230756,683,683,683,234269,234269,234269,234269,234269,234269,3419,3736,2251,
1368,469224,219236,684,684,684,234954,234954,234954,234954,234954,234954,3424,3740,2254,
1370,470595,238160,685,685,685,235640,235640,235640,235640,235640,235640,3429,3744,2256,
1372,471968,237112,686,686,686,236327,236327,236327,236327,236327,236327,3434,3748,2260,
1374,473343,224588,687,687,687,237015,237015,237015,237015,237015,237015,3439,3752,2263,
1376,474720,244084,688,688,688,237704,237704,237704,237704,237704,237704,3444,3756,2266,
1378,476099,231010,689,689,689,238394,238394,238394,238394,238394,238394,3449,3760,2269,
1380,477480,235489,690,690,690,239085,239085,239085,239085,239085,239085,3454,3764,2272,
1382,478863,241242,691,691,691,239777,239777,239777,239777,239777,239777,3459,3768,2275,
1384,480248,249638,692,692,692,240470,240470,240470,240470,240470,240470,3464,3772,2278,
1386,481635,236567,693,693,693,241164,241164,241164,241164,241164,241164,3469,3776,2281,
1388,483024,237310,694,694,694,241859,241859,241859,241859,241859,241859,3474,3780,2284,
1390,484415,241436,695,695,695,242555,242555,242555,242555,242555,242555,3479,3784,2287,
1392,485808,241128,696,696,696,243252,243252,243252,243252,243252,243252,3484,3788,2290,
1394,487203,249237,697,697,697,243950,243950,243950,243950,243950,243950,3489,3792,2293,
1396,488600,236750,698,698,698,244649,244649,244649,244649,244649,244649,3494,3796,2296,
1398,489999,246253,699,699,699,245349,245349,245349,245349,245349,245349,3499,3800,2299,
1400,491400,237962,700,700,700,246050,246050,246050,246050,246050,246050,3504,3804,2302,
1402,492803,242390,701,701,701,246752,246752,246752,246752,246752,246752,3509,3808,2305,
1404,494208,241672,702,702,702,247455,247455,247455,247455,247455,247455,3514,3812,2308,
1406,495615,240222,703,703,703,248159,248159,248159,248159,248159,248159,3519,3816,2310,
1408,497024,244478,704,704,704,248864,248864,248864,248864,248864,248864,3524,3820,2314,
1410,498435,246116,705,705,705,249570,249570,249570,249570,249570,249570,3529,3824,2317,
1412,499848,244215,706,706,706,250277,250277,250277,250277,250277,250277,3534,3828,2320,
1414,501263,244226,707,707,707,250985,250985,250985,250985,250985,250985,3539,3832,2323,
1416,502680,251769,708,708,708,251694,251694,251694,251694,251694,251694,3544,3836,2326,
1418,504099,248534,709,709,709,252404,252404,252404,252404,252404,252404,3549,3840,2329,
1420,505520,255694,710,710,710,253115,253115,253115,253115,253115,253115,3554,3844,2332,
1422,506943,251839,711,711,711,253827,253827,253827,253827,253827,253827,3559,3848,2335,
1424,508368,255739,712,712,712,254540,254540,254540,254540,254540,254540,3564,3852,2338,
1426,509795,269531,713,713,713,255254,255254,255254,255254,255254,255254,3569,3856,2340,
1428,511224,251498,714,714,714,255969,255969,255969,255969,255969,255969,3574,3860,2344,
1430,512655,253577,715,715,715,256685,256685,256685,256685,256685,256685,3579,3864,2347,
1432,514088,254018,716,716,716,257402,257402,257402,257402,257402,257402,3584,3868,2350,
1434,515523,260872,717,717,717,258120,258120,258120,258120,258120,258120,3589,3872,2353,
1436,516960,258776,718,718,718,258839,258839,258839,258839,258839,258839,3594,3876,2356,
1438,518399,252970,719,719,719,259559,259559,259559,259559,259559,259559,3599,3880,2359,
1440,519840,250858,720,720,720,260280,260280,260280,260280,260280,260280,3604,3884,2361,
1442,521283,250550,721,721,721,261002,261002,261002,261002,261002,261002,3609,3888,2365,
1444,522728,255771,722,722,722,261725,261725,261725,261725,261725,261725,3614,3892,2368,
1446,524175,267888,723,723,723,262449,262449,262449,262449,262449,262449,3619,3896,2370,
1448,525624,259544,724,724,724,263174,263174,263174,263174,263174,263174,3624,3900,2374,
1450,527075,258323,725,725,725,263900,263900,263900,263900,263900,263900,3629,3904,2377,
1452,528528,269792,726,726,726,264627,264627,264627,264627,264627,264627,3634,3908,2380,
1454,529983,271868,727,727,727,265355,265355,265355,265355,265355,265355,3639,3912,2383,
1456,531440,254366,728,728,728,266084,266084,266084,266084,266084,266084,3644,3916,2386,
1458,532899,263589,729,729,729,266814,266814,266814,266814,266814,266814,3649,3920,2389,
1460,534360,266453,730,730,730,267545,267545,267545,267545,267545,267545,3654,3924,2392,
1462,535823,265612,731,731,731,268277,268277,268277,268277,268277,268277,3659,3928,2395,
1464,537288,261452,732,732,732,269010,269010,269010,269010,269010,269010,3664,3932,2398,
1466,538755,272659,733,733,733,269744,269744,269744,269744,269744,269744,3669,3936,2401,
1468,540224,265355,734,734,734,270479,270479,270479,270479,270479,270479,3674,3940,2404,
1470,541695,261668,735,735,735,271215,271215,271215,271215,271215,271215,3679,3944,2407,
1472,543168,262215,736,736,736,271952,271952,271952,271952,271952,271952,3684,3948,2410,
1474,544643,269392,737,737,737,272690,272690,272690,272690,272690,272690,3689,3952,2413,
1476,546120,254840,738,738,738,273429,273429,273429,273429,273429,273429,3694,3956,2416,
1478,547599,280419,739,739,739,274169,274169,274169,274169,274169,274169,3699,3960,2419,
1480,549080,275959,740,740,740,274910,274910,274910,274910,274910,274910,3704,3964,2422,
1482,550563,272480,741,741,741,275652,275652,275652,275652,275652,275652,3709,3968,2425,
1484,552048,279885,742,742,742,276395,276395,276395,276395,276395,276395,3714,3972,2428,
1486,553535,276543,743,743,743,277139,277139,277139,277139,277139,277139,3719,3976,2431,
1488,555024,268550,744,744,744,277884,277884,277884,277884,277884,277884,3724,3980,2434,
1490,556515,283669,745,745,745,278630,278630,278630,278630,278630,278630,3729,3984,2437,
1492,558008,271666,746,746,746,279377,279377,279377,279377,279377,279377,3734,3988,2440,
1494,559503,280484,747,747,747,280125,280125,280125,280125,280125,280125,3739,3992,2443,
1496,561000,286687,748,748,748,280874,280874,280874,280874,280874,280874,3744,3996,2446,
1498,562499,282584,749,749,749,281624,281624,281624,281624,281624,281624,3749,4000,2449,
1500,564000,278647,750,750,750,282375,282375,282375,282375,282375,282375,3754,4004,2452,
1502,565503,263646,751,751,751,283127,283127,283127,283127,283127,283127,3759,4008,2454,
1504,567008,281942,752,752,752,283880,283880,283880,283880,283880,283880,3764,4012,2458,
1506,568515,280554,753,753,753,284634,284634,284634,284634,284634,284634,3769,4016,2461,
1508,570024,285237,754,754,754,285389,285389,285389,285389,285389,285389,3774,4020,2464,
1510,571535,291959,755,755,755,286145,286145,286145,286145,286145,286145,3779,4024,2467,
1512,573048,277622,756,756,756,286902,286902,286902,286902,286902,286902,3784,4028,2470,
1514,574563,281924,757,757,757,287660,287660,287660,287660,287660,287660,3789,4032,2473,
1516,576080,283237,758,758,758,288419,288419,288419,288419,288419,288419,3794,4036,2476,
1518,577599,285503,759,759,759,289179,289179,289179,289179,289179,289179,3799,4040,2479,
1520,579120,283740,760,760,760,289940,289940,289940,289940,289940,289940,3804,4044,2482,
1522,580643,276537,761,761,761,290702,290702,290702,290702,290702,290702,3809,4048,2485,
1524,582168,287863,762,762,762,291465,291465,291465,291465,291465,291465,3814,4052,2488,
1526,583695,297999,763,763,763,292229,292229,292229,292229,292229,292229,3819,4056,2491,
1528,585224,293994,764,764,764,292994,292994,292994,292994,292994,292994,3824,4060,2494,
1530,586755,293886,765,765,765,293760,293760,293760,293760,293760,293760,3829,4064,2497,
1532,588288,291737,766,766,766,294527,294527,294527,294527,294527,294527,3834,4068,2500,
1534,589823,294096,767,767,767,295295,295295,295295,295295,295295,295295,3839,4072,2503,
1536,591360,290919,768,768,768,296064,296064,296064,296064,296064,296064,3844,4076,2506,
1538,592899,289034,769,769,769,296834,296834,296834,296834,296834,296834,3849,4080,2509,
1540,594440,314113,770,770,770,297605,297605,297605,297605,297605,297605,3854,4084,2512,
1542,595983,294477,771,771,771,298377,298377,298377,298377,298377,298377,3859,4088,2515,
1544,597528,299765,772,772,772,299150,299150,299150,299150,299150,299150,3864,4092,2518,
1546,599075,296846,773,773,773,299924,299924,299924,299924,299924,299924,3869,4096,2520,
1548,600624,313578,774,774,774,300699,300699,300699,300699,300699,300699,3874,4100,2524,
1550,602175,302381,775,775,775,301475,301475,301475,301475,301475,301475,3879,4104,2527,
1552,603728,304046,776,776,776,302252,302252,302252,302252,302252,302252,3884,4108,2530,
1554,605283,291338,777,777,777,303030,303030,303030,303030,303030,303030,3889,4112,2533,
1556,606840,298055,778,778,778,303809,303809,303809,303809,303809,303809,3894,4116,2536,
1558,608399,307518,779,779,779,304589,304589,304589,304589,304589,304589,3899,4120,2539,
1560,609960,306343,780,780,780,305370,305370,305370,305370,305370,305370,3904,4124,2542,
1562,611523,301807,781,781,781,306152,306152,306152,306152,306152,306152,3909,4128,2545,
1564,613088,300397,782,782,782,306935,306935,306935,306935,306935,306935,3914,4132,2548,
1566,614655,306144,783,783,783,307719,307719,307719,307719,307719,307719,3919,4136,2551,
1568,616224,299218,784,784,784,308504,308504,308504,308504,308504,308504,3924,4140,2554,
1570,617795,306379,785,785,785,309290,309290,309290,309290,309290,309290,3929,4144,2557,
1572,619368,298818,786,786,786,310077,310077,310077,310077,310077,310077,3934,4148,2560,
1574,620943,315051,787,787,787,310865,310865,310865,310865,310865,310865,3939,4152,2563,
1576,622520,311956,788,788,788,311654,311654,311654,311654,311654,311654,3944,4156,2566,
1578,624099,305840,789,789,789,312444,312444,312444,312444,312444,312444,3949,4160,2569,
1580,625680,317050,790,790,790,313235,313235,313235,313235,313235,313235,3954,4164,2572,
1582,627263,311855,791,791,791,314027,314027,314027,314027,314027,314027,3959,4168,2575,
1584,628848,311583,792,792,792,314820,314820,314820,314820,314820,314820,3964,4172,2578,
1586,630435,311626,793,793,793,315614,315614,315614,315614,315614,315614,3969,4176,2581,
1588,632024,317775,794,794,794,316409,316409,316409,316409,316409,316409,3974,4180,2583,
1590,633615,323432,795,795,795,317205,317205,317205,317205,317205,317205,3979,4184,2587,
1592,635208,318432,796,796,796,318002,318002,318002,318002,318002,318002,3984,4188,2590,
1594,636803,297716,797,797,797,318800,318800,318800,318800,318800,318800,3989,4192,2593,
1596,638400,303818,798,798,798,319599,319599,319599,319599,319599,319599,3994,4196,2596,
1598,639999,320344,799,799,799,320399,320399,320399,320399,320399,320399,3999,4200,2599,
1600,641600,311674,800,800,800,321200,321200,321200,321200,321200,321200,4004,4204,2602,
1602,643203,322522,801,801,801,322002,322002,322002,322002,322002,322002,4009,4208,2605,
1604,644808,330418,802,802,802,322805,322805,322805,322805,322805,322805,4014,4212,2608,
1606,646415,307179,803,803,803,323609,323609,323609,323609,323609,323609,4019,4216,2611,
1608,648024,333532,804,804,804,324414,324414,324414,324414,324414,324414,4024,4220,2614,
1610,649635,307238,805,805,805,325220,325220,325220,325220,325220,325220,4029,4224,2617,
1612,651248,331489,806,806,806,326027,326027,326027,326027,326027,326027,4034,4228,2620,
1614,652863,315916,807,807,807,326835,326835,326835,326835,326835,326835,4039,4232,2623,
1616,654480,323382,808,808,808,327644,327644,327644,327644,327644,327644,4044,4236,2625,
1618,656099,323636,809,809,809,328454,328454,328454,328454,328454,328454,4049,4240,2629,
1620,657720,330074,810,810,810,329265,329265,329265,329265,329265,329265,4054,4244,2632,
1622,659343,326871,811,811,811,330077,330077,330077,330077,330077,330077,4059,4248,2635,
1624,660968,326304,812,812,812,330890,330890,330890,330890,330890,330890,4064,4252,2638,
1626,662595,330313,813,813,813,331704,331704,331704,331704,331704,331704,4069,4256,2641,
1628,664224,332837,814,814,814,332519,332519,332519,332519,332519,332519,4074,4260,2644,
1630,665855,329368,815,815,815,333335,333335,333335,333335,333335,333335,4079,4264,2647,
1632,667488,320202,816,816,816,334152,334152,334152,334152,334152,334152,4084,4268,2650,
1634,669123,335360,817,817,817,334970,334970,334970,334970,334970,334970,4089,4272,2653,
1636,670760,328720,818,818,818,335789,335789,335789,335789,335789,335789,4094,4276,2656,
1638,672399,328993,819,819,819,336609,336609,336609,336609,336609,336609,4099,4280,2659,
1640,674040,318430,820,820,820,337430,337430,337430,337430,337430,337430,4104,4284,2662,
1642,675683,319345,821,821,821,338252,338252,338252,338252,338252,338252,4109,4288,2665,
1644,677328,335187,822,822,822,339075,339075,339075,339075,339075,339075,4114,4292,2668,
1646,678975,329423,823,823,823,339899,339899,339899,339899,339899,339899,4119,4296,2671,
1648,680624,338657,824,824,824,340724,340724,340724,340724,340724,340724,4124,4300,2674,
1650,682275,336138,825,825,825,341550,341550,341550,341550,341550,341550,4129,4304,2677,
1652,683928,337406,826,826,826,342377,342377,342377,342377,342377,342377,4134,4308,2680,
1654,685583,337265,827,827,827,343205,343205,343205,343205,343205,343205,4139,4312,2683,
1656,687240,333664,828,828,828,344034,344034,344034,344034,344034,344034,4144,4316,2686,
1658,688899,339294,829,829,829,344864,344864,344864,344864,344864,344864,4149,4320,2689,
1660,690560,359157,830,830,830,345695,345695,345695,345695,345695,345695,4154,4324,2692,
1662,692223,347592,831,831,831,346527,346527,346527,346527,346527,346527,4159,4328,2695,
1664,693888,346395,832,832,832,347360,347360,347360,347360,347360,347360,4164,4332,2698,
1666,695555,348655,833,833,833,348194,348194,348194,348194,348194,348194,4169,4336,2701,
1668,697224,354970,834,834,834,349029,349029,349029,349029,349029,349029,4174,4340,2704,
1670,698895,354269,835,835,835,349865,349865,349865,349865,349865,349865,4179,4344,2707,
1672,700568,342048,836,836,836,350702,350702,350702,350702,350702,350702,4184,4348,2710,
1674,702243,342491,837,837,837,351540,351540,351540,351540,351540,351540,4189,4352,2713,
1676,703920,345030,838,838,838,352379,352379,352379,352379,352379,352379,4194,4356,2716,
1678,705599,346311,839,839,839,353219,353219,353219,353219,353219,353219,4199,4360,2719,
1680,707280,346849,840,840,840,354060,354060,354060,354060,354060,354060,4204,4364,2722,
1682,708963,352744,841,841,841,354902,354902,354902,354902,354902,354902,4209,4368,2725,
1684,710648,355474,842,842,842,355745,355745,355745,355745,355745,355745,4214,4372,2728,
1686,712335,361037,843,843,843,356589,356589,356589,356589,356589,356589,4219,4376,2731,
1688,714024,354220,844,844,844,357434,357434,357434,357434,357434,357434,4224,4380,2734,
1690,715715,368367,845,845,845,358280,358280,358280,358280,358280,358280,4229,4384,2737,
1692,717408,354512,846,846,846,359127,359127,359127,359127,359127,359127,4234,4388,2740,
1694,719103,368393,847,847,847,359975,359975,359975,359975,359975,359975,4239,4392,2742,
1696,720800,348745,848,848,848,360824,360824,360824,360824,360824,360824,4244,4396,2746,
1698,722499,353063,849,849,849,361674,361674,361674,361674,361674,361674,4249,4400,2749,
1700,724200,358671,850,850,850,362525,362525,362525,362525,362525,362525,4254,4404,2752,
1702,725903,358824,851,851,851,363377,363377,363377,363377,363377,363377,4259,4408,2755,
1704,727608,367053,852,852,852,364230,364230,364230,364230,364230,364230,4264,4412,2758,
1706,729315,371664,853,853,853,365084,365084,365084,365084,365084,365084,4269,4416,2761,
1708,731024,369272,854,854,854,365939,365939,365939,365939,365939,365939,4274,4420,2764,
1710,732735,378146,855,855,855,366795,366795,366795,366795,366795,366795,4279,4424,2767,
1712,734448,366153,856,856,856,367652,367652,367652,367652,367652,367652,4284,4428,2770,
1714,736163,371148,857,857,857,368510,368510,368510,368510,368510,368510,4289,4432,2773,
1716,737880,364549,858,858,858,369369,369369,369369,369369,369369,369369,4294,4436,2776,
1718,739599,369674,859,859,859,370229,370229,370229,370229,370229,370229,4299,4440,2779,
1720,741320,366070,860,860,860,371090,371090,371090,371090,371090,371090,4304,4444,2782,
1722,743043,365209,861,861,861,371952,371952,371952,371952,371952,371952,4309,4448,2785,
1724,744768,386241,862,862,862,372815,372815,372815,372815,372815,372815,4314,4452,2788,
1726,746495,380172,863,863,863,373679,373679,373679,373679,373679,373679,4319,4456,2791,
1728,748224,371082,864,864,864,374544,374544,374544,374544,374544,374544,4324,4460,2794,
1730,749955,362536,865,865,865,375410,375410,375410,375410,375410,375410,4329,4464,2797,
1732,751688,375998,866,866,866,376277,376277,376277,376277,376277,376277,4334,4468,2800,
1734,753423,372515,867,867,867,377145,377145,377145,377145,377145,377145,4339,4472,2803,
1736,755160,371897,868,868,868,378014,378014,378014,378014,378014,378014,4344,4476,2806,
1738,756899,376518,869,869,869,378884,378884,378884,378884,378884,378884,4349,4480,2809,
1740,758640,384949,870,870,870,379755,379755,379755,379755,379755,379755,4354,4484,2812,
1742,760383,376643,871,871,871,380627,380627,380627,380627,380627,380627,4359,4488,2815,
1744,762128,387261,872,872,872,381500,381500,381500,381500,381500,381500,4364,4492,2818,
1746,763875,370104,873,873,873,382374,382374,382374,382374,382374,382374,4369,4496,2821,
1748,765624,380503,874,874,874,383249,383249,383249,383249,383249,383249,4374,4500,2824,
1750,767375,376676,875,875,875,384125,384125,384125,384125,384125,384125,4379,4504,2827,
1752,769128,379907,876,876,876,385002,385002,385002,385002,385002,385002,4384,4508,2830,
1754,770883,368994,877,877,877,385880,385880,385880,385880,385880,385880,4389,4512,2833,
1756,772640,385101,878,878,878,386759,386759,386759,386759,386759,386759,4394,4516,2836,
1758,774399,390323,879,879,879,387639,387639,387639,387639,387639,387639,4399,4520,2839,
1760,776160,390179,880,880,880,388520,388520,388520,388520,388520,388520,4404,4524,2842,
1762,777923,393538,881,881,881,389402,389402,389402,389402,389402,389402,4409,4528,2845,
1764,779688,373360,882,882,882,390285,390285,390285,390285,390285,390285,4414,4532,2848,
1766,781455,378158,883,883,883,391169,391169,391169,391169,391169,391169,4419,4536,2851,
1768,783224,395391,884,884,884,392054,392054,392054,392054,392054,392054,4424,4540,2854,
1770,784995,389308,885,885,885,392940,392940,392940,392940,392940,392940,4429,4544,2857,
1772,786768,401832,886,886,886,393827,393827,393827,393827,393827,393827,4434,4548,2860,
1774,788543,377788,887,887,887,394715,394715,394715,394715,394715,394715,4439,4552,2863,
1776,790320,395127,888,888,888,395604,395604,395604,395604,395604,395604,4444,4556,2866,
1778,792099,415005,889,889,889,396494,396494,396494,396494,396494,396494,4449,4560,2869,
1780,793880,383880,890,890,890,397385,397385,397385,397385,397385,397385,4454,4564,2872,
1782,795663,393919,891,891,891,398277,398277,398277,398277,398277,398277,4459,4568,2875,
1784,797448,403257,892,892,892,399170,399170,399170,399170,399170,399170,4464,4572,2878,
1786,799235,398215,893,893,893,400064,400064,400064,400064,400064,400064,4469,4576,2881,
1788,801024,406288,894,894,894,400959,400959,400959,400959,400959,400959,4474,4580,2884,
1790,802815,397685,895,895,895,401855,401855,401855,401855,401855,401855,4479,4584,2887,
1792,804608,405173,896,896,896,402752,402752,402752,402752,402752,402752,4484,4588,2890,
1794,806403,411030,897,897,897,403650,403650,403650,403650,403650,403650,4489,4592,2893,
1796,808200,404932,898,898,898,404549,404549,404549,404549,404549,404549,4494,4596,2896,
1798,809999,388928,899,899,899,405449,405449,405449,405449,405449,405449,4499,4600,2899,
1800,811800,417158,900,900,900,406350,406350,406350,406350,406350,406350,4504,4604,2902,
1802,813603,394374,901,901,901,407252,407252,407252,407252,407252,407252,4509,4608,2905,
1804,815408,395539,902,902,902,408155,408155,408155,408155,408155,408155,4514,4612,2908,
1806,817215,412217,903,903,903,409059,409059,409059,409059,409059,409059,4519,4616,2911,
1808,819024,404974,904,904,904,409964,409964,409964,409964,409964,409964,4524,4620,2914,
1810,820835,414084,905,905,905,410870,410870,410870,410870,410870,410870,4529,4624,2917,
1812,822648,417128,906,906,906,411777,411777,411777,411777,411777,411777,4534,4628,2920,
1814,824463,406623,907,907,907,412685,412685,412685,412685,412685,412685,4539,4632,2923,
1816,826280,407610,908,908,908,413594,413594,413594,413594,413594,413594,4544,4636,2926,
1818,828099,419304,909,909,909,414504,414504,414504,414504,414504,414504,4549,4640,2929,
1820,829920,434921,910,910,910,415415,415415,415415,415415,415415,415415,4554,4644,2932,
1822,831743,396129,911,911,911,416327,416327,416327,416327,416327,416327,4559,4648,2935,
1824,833568,405912,912,912,912,417240,417240,417240,417240,417240,417240,4564,4652,2938,
1826,835395,413554,913,913,913,418154,418154,418154,418154,418154,418154,4569,4656,2941,
1828,837224,442758,914,914,914,419069,419069,419069,419069,419069,419069,4574,4660,2944,
1830,839055,413006,915,915,915,419985,419985,419985,419985,419985,419985,4579,4664,2947,
1832,840888,422845,916,916,916,420902,420902,420902,420902,420902,420902,4584,4668,2949,
1834,842723,436047,917,917,917,421820,421820,421820,421820,421820,421820,4589,4672,2953,
1836,844560,414337,918,918,918,422739,422739,422739,422739,422739,422739,4594,4676,2956,
1838,846399,423278,919,919,919,423659,423659,423659,423659,423659,423659,4599,4680,2959,
1840,848240,418359,920,920,920,424580,424580,424580,424580,424580,424580,4604,4684,2962,
1842,850083,423060,921,921,921,425502,425502,425502,425502,425502,425502,4609,4688,2965,
1844,851928,420942,922,922,922,426425,426425,426425,426425,426425,426425,4614,4692,2968,
1846,853775,427551,923,923,923,427349,427349,427349,427349,427349,427349,4619,4696,2971,
1848,855624,406828,924,924,924,428274,428274,428274,428274,428274,428274,4624,4700,2974,
1850,857475,429917,925,925,925,429200,429200,429200,429200,429200,429200,4629,4704,2977,
1852,859328,446728,926,926,926,430127,430127,430127,430127,430127,430127,4634,4708,2980,
1854,861183,445369,927,927,927,431055,431055,431055,431055,431055,431055,4639,4712,2983,
1856,863040,430719,928,928,928,431984,431984,431984,431984,431984,431984,4644,4716,2986,
1858,864899,453588,929,929,929,432914,432914,432914,432914,432914,432914,4649,4720,2989,
1860,866760,423452,930,930,930,433845,433845,433845,433845,433845,433845,4654,4724,2992,
1862,868623,434607,931,931,931,434777,434777,434777,434777,434777,434777,4659,4728,2995,
1864,870488,435420,932,932,932,435710,435710,435710,435710,435710,435710,4664,4732,2998,
1866,872355,417091,933,933,933,436644,436644,436644,436644,436644,436644,4669,4736,3001,
1868,874224,435033,934,934,934,437579,437579,437579,437579,437579,437579,4674,4740,3004,
1870,876095,437265,935,935,935,438515,438515,438515,438515,438515,438515,4679,4744,3007,
1872,877968,447183,936,936,936,439452,439452,439452,439452,439452,439452,4684,4748,3010,
1874,879843,428253,937,937,937,440390,440390,440390,440390,440390,440390,4689,4752,3013,
1876,881720,443630,938,938,938,441329,441329,441329,441329,441329,441329,4694,4756,3016,
1878,883599,427090,939,939,939,442269,442269,442269,442269,442269,442269,4699,4760,3019,
1880,885480,431249,940,940,940,443210,443210,443210,443210,443210,443210,4704,4764,3022,
1882,887363,446369,941,941,941,444152,444152,444152,444152,444152,444152,4709,4768,3025,
1884,889248,428056,942,942,942,445095,445095,445095,445095,445095,445095,4714,4772,3028,
1886,891135,442420,943,943,943,446039,446039,446039,446039,446039,446039,4719,4776,3031,
1888,893024,436713,944,944,944,446984,446984,446984,446984,446984,446984,4724,4780,3034,
1890,894915,443760,945,945,945,447930,447930,447930,447930,447930,447930,4729,4784,3037,
1892,896808,445846,946,946,946,448877,448877,448877,448877,448877,448877,4734,4788,3040,
1894,898703,456103,947,947,947,449825,449825,449825,449825,449825,449825,4739,4792,3043,
1896,900600,454731,948,948,948,450774,450774,450774,450774,450774,450774,4744,4796,3046,
1898,902499,446311,949,949,949,451724,451724,451724,451724,451724,451724,4749,4800,3049,
1900,904400,436665,950,950,950,452675,452675,452675,452675,452675,452675,4754,4804,3052,
1902,906303,441331,951,951,951,453627,453627,453627,453627,453627,453627,4759,4808,3055,
1904,908208,476669,952,952,952,454580,454580,454580,454580,454580,454580,4764,4812,3058,
1906,910115,462162,953,953,953,455534,455534,455534,455534,455534,455534,4769,4816,3061,
1908,912024,453258,954,954,954,456489,456489,456489,456489,456489,456489,4774,4820,3064,
1910,913935,457619,955,955,955,457445,457445,457445,457445,457445,457445,4779,4824,3067,
1912,915848,467199,956,956,956,458402,458402,458402,458402,458402,458402,4784,4828,3070,
1914,917763,458101,957,957,957,459360,459360,459360,459360,459360,459360,4789,4832,3073,
1916,919680,453839,958,958,958,460319,460319,460319,460319,460319,460319,4794,4836,3076,
1918,921599,462888,959,959,959,461279,461279,461279,461279,461279,461279,4799,4840,3079,
1920,923520,465427,960,960,960,462240,462240,462240,462240,462240,462240,4804,4844,3082,
1922,925443,464584,961,961,961,463202,463202,463202,463202,463202,463202,4809,4848,3085,
1924,927368,456651,962,962,962,464165,464165,464165,464165,464165,464165,4814,4852,3088,
1926,929295,473916,963,963,963,465129,465129,465129,465129,465129,465129,4819,4856,3091,
1928,931224,466224,964,964,964,466094,466094,466094,466094,466094,466094,4824,4860,3094,
1930,933155,485883,965,965,965,467060,467060,467060,467060,467060,467060,4829,4864,3097,
1932,935088,457763,966,966,966,468027,468027,468027,468027,468027,468027,4834,4868,3100,
1934,937023,448914,967,967,967,468995,468995,468995,468995,468995,468995,4839,4872,3103,
1936,938960,484429,968,968,968,469964,469964,469964,469964,469964,469964,4844,4876,3106,
1938,940899,466142,969,969,969,470934,470934,470934,470934,470934,470934,4849,4880,3109,
1940,942840,468456,970,970,970,471905,471905,471905,471905,471905,471905,4854,4884,3112,
1942,944783,457747,971,971,971,472877,472877,472877,472877,472877,472877,4859,4888,3115,
1944,946728,472729,972,972,972,473850,473850,473850,473850,473850,473850,4864,4892,3118,
1946,948675,464018,973,973,973,474824,474824,474824,474824,474824,474824,4869,4896,3121,
1948,950624,487045,974,974,974,475799,475799,475799,475799,475799,475799,4874,4900,3124,
1950,952575,478870,975,975,975,476775,476775,476775,476775,476775,476775,4879,4904,3127,
1952,954528,464270,976,976,976,477752,477752,477752,477752,477752,477752,4884,4908,3130,
1954,956483,478781,977,977,977,478730,478730,478730,478730,478730,478730,4889,4912,3133,
1956,958440,491766,978,978,978,479709,479709,479709,479709,479709,479709,4894,4916,3136,
1958,960399,493230,979,979,979,480689,480689,480689,480689,480689,480689,4899,4920,3139,
1960,962360,479026,980,980,980,481670,481670,481670,481670,481670,481670,4904,4924,3142,
1962,964323,482011,981,981,981,482652,482652,482652,482652,482652,482652,4909,4928,3145,
1964,966288,479445,982,982,982,483635,483635,483635,483635,483635,483635,4914,4932,3148,
1966,968255,481673,983,983,983,484619,484619,484619,484619,484619,484619,4919,4936,3151,
1968,970224,479807,984,984,984,485604,485604,485604,485604,485604,485604,4924,4940,3154,
1970,972195,479275,985,985,985,486590,486590,486590,486590,486590,486590,4929,4944,3157,
1972,974168,498868,986,986,986,487577,487577,487577,487577,487577,487577,4934,4948,3160,
1974,976143,487636,987,987,987,488565,488565,488565,488565,488565,488565,4939,4952,3163,
1976,978120,483483,988,988,988,489554,489554,489554,489554,489554,489554,4944,4956,3166,
1978,980099,500968,989,989,989,490544,490544,490544,490544,490544,490544,4949,4960,3169,
1980,982080,487035,990,990,990,491535,491535,491535,491535,491535,491535,4954,4964,3172,
1982,984063,477804,991,991,991,492527,492527,492527,492527,492527,492527,4959,4968,3175,
1984,986048,497461,992,992,992,493520,493520,493520,493520,493520,493520,4964,4972,3178,
1986,988035,462753,993,993,993,494514,494514,494514,494514,494514,494514,4969,4976,3181,
1988,990024,488544,994,994,994,495509,495509,495509,495509,495509,495509,4974,4980,3184,
1990,992015,512367,995,995,995,496505,496505,496505,496505,496505,496505,4979,4984,3187,
1992,994008,488829,996,996,996,497502,497502,497502,497502,497502,497502,4984,4988,3190,
1994,996003,498824,997,997,997,498500,498500,498500,498500,498500,498500,4989,4992,3193,
1996,998000,473927,998,998,998,499499,499499,499499,499499,499499,499499,4994,4996,3196,
1998,999999,505158,999,999,999,500499,500499,500499,500499,500499,500499,4999,4999,3199,
